{
  "skills": [
    {
      "id": "join",
      "name": "JOIN.com API",
      "description": "JOIN.com API für Recruiting und Bewerbermanagement. Jobs auflisten, Bewerbungen abrufen, Kandidaten verwalten.",
      "status": "ready",
      "source": "workspace",
      "icon": "📦",
      "configurable": true,
      "config": {
        "token": "configured"
      }
    },
    {
      "id": "gog",
      "name": "Google Workspace",
      "description": "Gmail, Calendar, Drive, Contacts, Sheets, Docs",
      "status": "ready",
      "source": "bundled",
      "icon": "🎮"
    },
    {
      "id": "slack",
      "name": "Slack",
      "description": "Slack-Nachrichten senden, reagieren, pinnen",
      "status": "ready",
      "source": "bundled",
      "icon": "💬"
    },
    {
      "id": "imsg",
      "name": "iMessage",
      "description": "iMessage/SMS CLI für Chats und Nachrichten",
      "status": "ready",
      "source": "bundled",
      "icon": "📨"
    },
    {
      "id": "wacli",
      "name": "WhatsApp",
      "description": "WhatsApp Nachrichten senden und History durchsuchen",
      "status": "ready",
      "source": "bundled",
      "icon": "📱"
    },
    {
      "id": "github",
      "name": "GitHub",
      "description": "GitHub CLI für Issues, PRs, Repos",
      "status": "ready",
      "source": "bundled",
      "icon": "🐙"
    },
    {
      "id": "weather",
      "name": "Weather",
      "description": "Wetter und Vorhersagen abrufen",
      "status": "ready",
      "source": "bundled",
      "icon": "🌤️"
    }
  ],
  "lastUpdated": "2026-02-03T14:03:00.000Z"
}
